Account,Balance
C-0001,1026.253583
C-0002,49229.461625
C-0003,5.294408
C-0004,-604.324417
C-0005,480.790325
C-0006,2357.030271
C-0007,54.975775
C-0008,-513.634917
C-0009,592.913683
C-0010,9120.534542
C-0011,392.656942
C-0012,-91.082750
C-0013,9973.714708
C-0014,5927.093750
C-0015,5927.143958
C-0016,694.868575
C-0017,49.371108
C-0018,-55.791083
C-0019,-0.332750
C-0020,4.253542
