Account,Balance
C-0001,1024.120000
C-0002,49025.190000
C-0003,5.290000
C-0004,-599.330000
C-0005,480.390000
C-0006,2352.130000
C-0007,54.930000
C-0008,-509.390000
C-0009,592.420000
C-0010,9082.690000
C-0011,392.330000
C-0012,-90.330000
C-0013,9932.330000
C-0014,5902.500000
C-0015,5902.550000
C-0016,694.290000
C-0017,49.330000
C-0018,-55.330000
C-0019,-0.330000
C-0020,4.253542
